{
  "dlopen": [
    1.461974
  ],
  "require": [
    1.962767
  ]
}