{
  "dlopen": [
    0.857245
  ],
  "require": [
    0.92475
  ]
}